email_id,diversity,ground_truth,prediction,confidence,method,status,latency_ms,routed_to
bodyonly_4,body_only,repurchase,repurchase,0.88,body_only_classify,pending,44.5,policy_admin
claim_death_9123,clean,claim_death,claim_death,1.0,tier1_qr_deterministic,pending,164.9,claims
maintenance_client_4140,clean,maintenance_client,maintenance_client,1.0,tier1_qr_deterministic,pending,55.2,policy_admin
bulk_9694,broker_bulk,bulk_instructions,bulk_instructions,1.0,tier1_qr_deterministic,pending,309.3,policy_admin
bulk_508,broker_bulk,bulk_instructions,bulk_instructions,1.0,tier1_qr_deterministic,pending,362.8,policy_admin
repurchase_576,cover_letter,repurchase,repurchase,1.0,tier1_qr_deterministic,pending,284.9,policy_admin
maintenance_contrib_6449,legacy,maintenance_contrib,maintenance_contrib,0.95,tier2_template,pending,32.0,policy_admin
new_business_8109,clean,new_business,new_business,1.0,tier1_qr_deterministic,pending,205.0,new_business
maintenance_contrib_6369,clean,maintenance_contrib,maintenance_contrib,1.0,tier1_qr_deterministic,pending,52.7,policy_admin
maintenance_client_3598,clean,maintenance_client,maintenance_client,1.0,tier1_qr_deterministic,pending,53.1,policy_admin
repurchase_970,clean,repurchase,repurchase,1.0,tier1_qr_deterministic,pending,259.2,policy_admin
claim_death_9191,clean,claim_death,claim_death,1.0,tier1_qr_deterministic,pending,156.0,claims
new_business_8349,legacy,new_business,new_business,0.95,tier2_template,pending,112.8,new_business
maintenance_client_4192,clean,maintenance_client,maintenance_client,1.0,tier1_qr_deterministic,pending,54.6,policy_admin
maintenance_client_4221,clean,maintenance_client,maintenance_client,1.0,tier1_qr_deterministic,pending,56.0,policy_admin
repurchase_959,legacy,repurchase,repurchase,0.95,tier2_template,pending,186.5,policy_admin
legacy_noqr_5,legacy_no_qr,maintenance_client,maintenance_client,0.95,tier2_template,pending,30.0,policy_admin
repurchase_105,clean,repurchase,repurchase,1.0,tier1_qr_deterministic,pending,259.4,policy_admin
bulk_8007,broker_bulk,bulk_instructions,bulk_instructions,1.0,tier1_qr_deterministic,pending,567.6,policy_admin
maintenance_contrib_6078,afrikaans,maintenance_contrib,maintenance_contrib,0.8,tier2_template,review,35.6,policy_admin
claim_retirement_9486,clean,claim_retirement,claim_retirement,1.0,tier1_qr_deterministic,pending,154.7,claims
maintenance_client_4203,clean,maintenance_client,maintenance_client,1.0,tier1_qr_deterministic,pending,55.4,policy_admin
claim_death_8846,clean,claim_death,claim_death,1.0,tier1_qr_deterministic,pending,156.8,claims
repurchase_1592,clean,repurchase,repurchase,1.0,tier1_qr_deterministic,pending,259.6,policy_admin
repurchase_2862,legacy,repurchase,repurchase,0.95,tier2_template,pending,167.7,policy_admin
maintenance_client_4829,clean,maintenance_client,maintenance_client,1.0,tier1_qr_deterministic,pending,53.1,policy_admin
new_business_7484,clean,new_business,new_business,1.0,tier1_qr_deterministic,pending,205.7,new_business
mismatch_6,body_attachment_mismatch,maintenance_client,maintenance_client,1.0,tier1_qr_deterministic,pending,55.0,policy_admin
repurchase_2917,clean,repurchase,repurchase,1.0,tier1_qr_deterministic,pending,261.8,policy_admin
maintenance_client_4946,clean,maintenance_client,maintenance_client,1.0,tier1_qr_deterministic,pending,53.2,policy_admin
bulk_3919,broker_bulk,bulk_instructions,bulk_instructions,1.0,tier1_qr_deterministic,pending,567.7,policy_admin
repurchase_796,clean,repurchase,repurchase,1.0,tier1_qr_deterministic,pending,260.4,policy_admin
maintenance_client_5466,legacy,maintenance_client,maintenance_client,0.95,tier2_template,pending,29.9,policy_admin
incomplete_17,incomplete_no_signature,maintenance_client,maintenance_client,0.5,tier2_unreadable,review,0.8,policy_admin
maintenance_contrib_6595,clean,maintenance_contrib,maintenance_contrib,1.0,tier1_qr_deterministic,pending,53.2,policy_admin
cover_letter_15,cover_letter,new_business,new_business,1.0,tier1_qr_deterministic,pending,239.5,new_business
new_business_7850,clean,new_business,new_business,1.0,tier1_qr_deterministic,pending,207.3,new_business
repurchase_2234,cover_letter,repurchase,repurchase,1.0,tier1_qr_deterministic,pending,286.6,policy_admin
maintenance_contrib_6730,clean,maintenance_contrib,maintenance_contrib,1.0,tier1_qr_deterministic,pending,53.5,policy_admin
repurchase_1579,clean,repurchase,repurchase,1.0,tier1_qr_deterministic,pending,260.6,policy_admin
repurchase_1224,clean,repurchase,repurchase,1.0,tier1_qr_deterministic,pending,260.5,policy_admin
new_business_8336,clean,new_business,new_business,1.0,tier1_qr_deterministic,pending,208.7,new_business
new_business_7820,clean,new_business,new_business,1.0,tier1_qr_deterministic,pending,209.1,new_business
repurchase_1111,clean,repurchase,repurchase,1.0,tier1_qr_deterministic,pending,259.8,policy_admin
repurchase_1513,clean,repurchase,repurchase,1.0,tier1_qr_deterministic,pending,265.3,policy_admin
incomplete_18,incomplete_no_signature,maintenance_client,maintenance_client,0.5,tier2_unreadable,review,0.8,policy_admin
maintenance_contrib_6155,legacy,maintenance_contrib,maintenance_contrib,0.95,tier2_template,pending,30.2,policy_admin
maintenance_client_4088,legacy,maintenance_client,maintenance_client,0.95,tier2_template,pending,29.4,policy_admin
maintenance_contrib_6037,clean,maintenance_contrib,maintenance_contrib,1.0,tier1_qr_deterministic,pending,55.6,policy_admin
incomplete_4,incomplete_no_signature,repurchase,repurchase,0.8,tier1_qr_deterministic,review,206.9,policy_admin
legacy_noqr_18,legacy_no_qr,maintenance_client,maintenance_client,0.95,tier2_template,pending,30.2,policy_admin
repurchase_2351,legacy,repurchase,repurchase,0.95,tier2_template,pending,166.8,policy_admin
maintenance_contrib_5575,clean,maintenance_contrib,maintenance_contrib,1.0,tier1_qr_deterministic,pending,53.7,policy_admin
mismatch_8,body_attachment_mismatch,maintenance_client,maintenance_client,0.82,tier2_template,review,53.7,policy_admin
mismatch_3,body_attachment_mismatch,maintenance_client,maintenance_client,1.0,tier1_qr_deterministic,pending,53.1,policy_admin
new_business_8184,clean,new_business,new_business,1.0,tier1_qr_deterministic,pending,208.4,new_business
afrikaans_mix_8,afrikaans_mixed,maintenance_client,maintenance_client,1.0,tier1_qr_deterministic,pending,54.8,policy_admin
maintenance_client_3167,legacy,maintenance_client,maintenance_client,0.95,tier2_template,pending,29.8,policy_admin
maintenance_client_4445,clean,maintenance_client,maintenance_client,1.0,tier1_qr_deterministic,pending,53.3,policy_admin
maintenance_client_4113,clean,maintenance_client,maintenance_client,1.0,tier1_qr_deterministic,pending,54.7,policy_admin
legacy_noqr_11,legacy_no_qr,maintenance_client,maintenance_client,0.95,tier2_template,pending,29.3,policy_admin
maintenance_contrib_6750,afrikaans,maintenance_contrib,maintenance_contrib,1.0,tier1_qr_deterministic,pending,55.0,policy_admin
repurchase_106,clean,repurchase,repurchase,1.0,tier1_qr_deterministic,pending,260.7,policy_admin
repurchase_1649,clean,repurchase,repurchase,1.0,tier1_qr_deterministic,pending,262.1,policy_admin
legacy_noqr_6,legacy_no_qr,maintenance_contrib,maintenance_contrib,0.95,tier2_template,pending,30.1,policy_admin
claim_retirement_9655,afrikaans,claim_retirement,claim_retirement,1.0,tier1_qr_deterministic,pending,155.2,claims
bulk_8608,broker_bulk,bulk_instructions,bulk_instructions,1.0,tier1_qr_deterministic,pending,569.2,policy_admin
new_business_7377,clean,new_business,new_business,1.0,tier1_qr_deterministic,pending,204.9,new_business
cover_letter_2,cover_letter,maintenance_client,maintenance_client,1.0,tier1_qr_deterministic,pending,82.0,policy_admin
cover_letter_4,cover_letter,repurchase,repurchase,1.0,tier1_qr_deterministic,pending,291.4,policy_admin
maintenance_client_3386,clean,maintenance_client,maintenance_client,1.0,tier1_qr_deterministic,pending,53.5,policy_admin
repurchase_2124,afrikaans,repurchase,repurchase,1.0,tier1_qr_deterministic,pending,263.7,policy_admin
cover_letter_5,cover_letter,repurchase,repurchase,1.0,tier1_qr_deterministic,pending,285.5,policy_admin
new_business_7642,clean,new_business,new_business,1.0,tier1_qr_deterministic,pending,204.7,new_business
claim_death_9188,clean,claim_death,claim_death,1.0,tier1_qr_deterministic,pending,156.0,claims
repurchase_2249,clean,repurchase,repurchase,1.0,tier1_qr_deterministic,pending,269.7,policy_admin
afrikaans_mix_9,afrikaans_mixed,maintenance_client,maintenance_client,1.0,tier1_qr_deterministic,pending,53.5,policy_admin
maintenance_client_3314,clean,maintenance_client,maintenance_client,1.0,tier1_qr_deterministic,pending,54.8,policy_admin
claim_retirement_9332,clean,claim_retirement,claim_retirement,1.0,tier1_qr_deterministic,pending,158.3,claims
maintenance_contrib_6632,clean,maintenance_contrib,maintenance_contrib,1.0,tier1_qr_deterministic,pending,53.2,policy_admin
claim_death_9099,clean,claim_death,claim_death,1.0,tier1_qr_deterministic,pending,154.8,claims
cover_letter_14,cover_letter,new_business,new_business,1.0,tier1_qr_deterministic,pending,235.3,new_business
maintenance_client_5186,clean,maintenance_client,maintenance_client,0.82,tier2_template,review,53.8,policy_admin
maintenance_client_3503,clean,maintenance_client,maintenance_client,1.0,tier1_qr_deterministic,pending,53.2,policy_admin
bulk_9764,broker_bulk,bulk_instructions,bulk_instructions,1.0,tier1_qr_deterministic,pending,568.3,policy_admin
incomplete_16,incomplete_no_signature,repurchase,repurchase,0.8,tier1_qr_deterministic,review,211.0,policy_admin
maintenance_contrib_6328,clean,maintenance_contrib,maintenance_contrib,1.0,tier1_qr_deterministic,pending,53.9,policy_admin
repurchase_630,legacy,repurchase,repurchase,0.95,tier2_template,pending,168.0,policy_admin
maintenance_contrib_5524,clean,maintenance_contrib,maintenance_contrib,0.8,tier2_template,review,35.0,policy_admin
claim_death_8694,clean,claim_death,claim_death,1.0,tier1_qr_deterministic,pending,155.2,claims
maintenance_client_3068,clean,maintenance_client,maintenance_client,1.0,tier1_qr_deterministic,pending,55.2,policy_admin
maintenance_client_4745,clean,maintenance_client,maintenance_client,1.0,tier1_qr_deterministic,pending,53.1,policy_admin
bulk_2519,broker_bulk,bulk_instructions,bulk_instructions,1.0,tier1_qr_deterministic,pending,311.5,policy_admin
maintenance_contrib_5703,afrikaans,maintenance_contrib,maintenance_contrib,1.0,tier1_qr_deterministic,pending,55.3,policy_admin
repurchase_2689,clean,repurchase,repurchase,1.0,tier1_qr_deterministic,pending,265.5,policy_admin
new_business_8071,clean,new_business,new_business,1.0,tier1_qr_deterministic,pending,209.2,new_business
repurchase_1759,clean,repurchase,repurchase,1.0,tier1_qr_deterministic,pending,263.3,policy_admin
bodyonly_3,body_only,claim_retirement,claim_retirement,0.95,body_only_classify,pending,0.3,claims
repurchase_420,clean,repurchase,repurchase,1.0,tier1_qr_deterministic,pending,263.6,policy_admin
maintenance_client_4047,clean,maintenance_client,maintenance_client,1.0,tier1_qr_deterministic,pending,53.8,policy_admin
repurchase_2045,clean,repurchase,repurchase,1.0,tier1_qr_deterministic,pending,261.3,policy_admin
claim_retirement_9920,clean,claim_retirement,claim_retirement,1.0,tier1_qr_deterministic,pending,160.4,claims
repurchase_1499,clean,repurchase,repurchase,1.0,tier1_qr_deterministic,pending,259.7,policy_admin
repurchase_2748,clean,repurchase,repurchase,1.0,tier1_qr_deterministic,pending,260.7,policy_admin
new_business_7015,clean,new_business,new_business,1.0,tier1_qr_deterministic,pending,207.7,new_business
legacy_noqr_17,legacy_no_qr,repurchase,repurchase,0.95,tier2_template,pending,169.7,policy_admin
repurchase_304,clean,repurchase,repurchase,1.0,tier1_qr_deterministic,pending,266.5,policy_admin
repurchase_965,legacy,repurchase,repurchase,0.95,tier2_template,pending,170.6,policy_admin
claim_retirement_9733,clean,claim_retirement,claim_retirement,1.0,tier1_qr_deterministic,pending,154.6,claims
maintenance_client_3039,cover_letter,maintenance_client,maintenance_client,1.0,tier1_qr_deterministic,pending,83.2,policy_admin
mismatch_5,body_attachment_mismatch,maintenance_client,maintenance_client,1.0,tier1_qr_deterministic,pending,53.5,policy_admin
maintenance_contrib_5914,clean,maintenance_contrib,maintenance_contrib,1.0,tier1_qr_deterministic,pending,55.4,policy_admin
new_business_7168,clean,new_business,new_business,1.0,tier1_qr_deterministic,pending,209.1,new_business
new_business_7376,afrikaans,new_business,new_business,1.0,tier1_qr_deterministic,pending,210.2,new_business
repurchase_1189,clean,repurchase,repurchase,1.0,tier1_qr_deterministic,pending,263.2,policy_admin
repurchase_1252,clean,repurchase,repurchase,1.0,tier1_qr_deterministic,pending,261.8,policy_admin
new_business_7390,legacy,new_business,new_business,0.95,tier2_template,pending,110.0,new_business
legacy_noqr_10,legacy_no_qr,claim_death,claim_death,0.95,tier2_template,pending,84.9,claims
repurchase_2146,clean,repurchase,repurchase,1.0,tier1_qr_deterministic,pending,260.5,policy_admin
maintenance_client_3528,clean,maintenance_client,maintenance_client,1.0,tier1_qr_deterministic,pending,65.4,policy_admin
maintenance_client_3914,clean,maintenance_client,maintenance_client,1.0,tier1_qr_deterministic,pending,54.3,policy_admin
new_business_8476,clean,new_business,new_business,1.0,tier1_qr_deterministic,pending,209.8,new_business
new_business_7931,clean,new_business,new_business,1.0,tier1_qr_deterministic,pending,207.3,new_business
repurchase_13,clean,repurchase,repurchase,1.0,tier1_qr_deterministic,pending,261.3,policy_admin
cover_letter_19,cover_letter,repurchase,repurchase,1.0,tier1_qr_deterministic,pending,304.0,policy_admin
maintenance_contrib_6596,clean,maintenance_contrib,maintenance_contrib,1.0,tier1_qr_deterministic,pending,55.5,policy_admin
repurchase_794,afrikaans,repurchase,repurchase,1.0,tier1_qr_deterministic,pending,259.9,policy_admin
new_business_7802,clean,new_business,new_business,1.0,tier1_qr_deterministic,pending,207.9,new_business
new_business_7435,clean,new_business,new_business,1.0,tier1_qr_deterministic,pending,209.7,new_business
repurchase_2933,legacy,repurchase,repurchase,0.95,tier2_template,pending,163.8,policy_admin
repurchase_1118,clean,repurchase,repurchase,1.0,tier1_qr_deterministic,pending,263.1,policy_admin
maintenance_contrib_6972,clean,maintenance_contrib,maintenance_contrib,1.0,tier1_qr_deterministic,pending,56.1,policy_admin
new_business_8131,clean,new_business,new_business,1.0,tier1_qr_deterministic,pending,209.8,new_business
repurchase_1698,legacy,repurchase,repurchase,0.95,tier2_template,pending,166.4,policy_admin
incomplete_3,incomplete_no_signature,maintenance_client,maintenance_client,0.5,tier2_unreadable,review,1.5,policy_admin
maintenance_client_4624,afrikaans,maintenance_client,maintenance_client,1.0,tier1_qr_deterministic,pending,54.8,policy_admin
maintenance_client_4908,legacy,maintenance_client,maintenance_client,0.95,tier2_template,pending,31.0,policy_admin
maintenance_contrib_6833,clean,maintenance_contrib,maintenance_contrib,0.8,tier2_template,review,35.1,policy_admin
maintenance_client_3080,clean,maintenance_client,maintenance_client,0.82,tier2_template,review,57.2,policy_admin
maintenance_client_5052,clean,maintenance_client,maintenance_client,1.0,tier1_qr_deterministic,pending,53.3,policy_admin
maintenance_contrib_5739,clean,maintenance_contrib,maintenance_contrib,1.0,tier1_qr_deterministic,pending,53.5,policy_admin
maintenance_contrib_6835,clean,maintenance_contrib,maintenance_contrib,1.0,tier1_qr_deterministic,pending,53.4,policy_admin
new_business_7953,clean,new_business,new_business,1.0,tier1_qr_deterministic,pending,206.2,new_business
maintenance_contrib_5975,clean,maintenance_contrib,maintenance_contrib,1.0,tier1_qr_deterministic,pending,55.8,policy_admin
incomplete_5,incomplete_no_signature,repurchase,repurchase,0.8,tier1_qr_deterministic,review,208.1,policy_admin
claim_retirement_9418,clean,claim_retirement,claim_retirement,1.0,tier1_qr_deterministic,pending,156.7,claims
maintenance_contrib_5634,clean,maintenance_contrib,maintenance_contrib,1.0,tier1_qr_deterministic,pending,53.4,policy_admin
new_business_7437,clean,new_business,new_business,1.0,tier1_qr_deterministic,pending,210.8,new_business
repurchase_522,clean,repurchase,repurchase,1.0,tier1_qr_deterministic,pending,258.9,policy_admin
bulk_7792,broker_bulk,bulk_instructions,bulk_instructions,1.0,tier1_qr_deterministic,pending,570.8,policy_admin
incomplete_1,incomplete_no_signature,new_business,new_business,0.8,tier1_qr_deterministic,review,154.1,new_business
repurchase_2302,clean,repurchase,repurchase,1.0,tier1_qr_deterministic,pending,261.3,policy_admin
claim_death_8848,clean,claim_death,claim_death,1.0,tier1_qr_deterministic,pending,162.6,claims
claim_retirement_9442,clean,claim_retirement,claim_retirement,1.0,tier1_qr_deterministic,pending,186.3,claims
bodyonly_9,body_only,maintenance_client,maintenance_client,0.76,body_only_classify,review,0.1,policy_admin
repurchase_332,clean,repurchase,repurchase,1.0,tier1_qr_deterministic,pending,260.5,policy_admin
maintenance_contrib_6429,afrikaans,maintenance_contrib,maintenance_contrib,1.0,tier1_qr_deterministic,pending,53.6,policy_admin
new_business_7640,afrikaans,new_business,new_business,1.0,tier1_qr_deterministic,pending,206.0,new_business
repurchase_39,afrikaans,repurchase,repurchase,1.0,tier1_qr_deterministic,pending,262.3,policy_admin
repurchase_2872,clean,repurchase,repurchase,1.0,tier1_qr_deterministic,pending,258.8,policy_admin
repurchase_616,clean,repurchase,repurchase,1.0,tier1_qr_deterministic,pending,261.4,policy_admin
afrikaans_mix_18,afrikaans_mixed,repurchase,repurchase,1.0,tier1_qr_deterministic,pending,262.3,policy_admin
maintenance_client_5362,cover_letter,maintenance_client,maintenance_client,1.0,tier1_qr_deterministic,pending,80.9,policy_admin
repurchase_2465,legacy,repurchase,repurchase,0.95,tier2_template,pending,165.0,policy_admin
maintenance_contrib_6984,legacy,maintenance_contrib,maintenance_contrib,0.95,tier2_template,pending,30.5,policy_admin
claim_death_9162,legacy,claim_death,claim_death,0.95,tier2_template,pending,86.3,claims
repurchase_1574,clean,repurchase,repurchase,1.0,tier1_qr_deterministic,pending,260.8,policy_admin
repurchase_490,legacy,repurchase,repurchase,0.95,tier2_template,pending,166.1,policy_admin
new_business_7548,clean,new_business,new_business,1.0,tier1_qr_deterministic,pending,211.3,new_business
claim_retirement_9703,legacy,claim_retirement,claim_retirement,0.95,tier2_template,pending,85.5,claims
claim_retirement_9413,clean,claim_retirement,claim_retirement,1.0,tier1_qr_deterministic,pending,158.2,claims
new_business_7930,clean,new_business,new_business,1.0,tier1_qr_deterministic,pending,210.9,new_business
claim_death_8789,clean,claim_death,claim_death,1.0,tier1_qr_deterministic,pending,159.0,claims
maintenance_contrib_5886,clean,maintenance_contrib,maintenance_contrib,1.0,tier1_qr_deterministic,pending,57.0,policy_admin
maintenance_contrib_6237,legacy,maintenance_contrib,maintenance_contrib,0.95,tier2_template,pending,31.2,policy_admin
bulk_4719,broker_bulk,bulk_instructions,bulk_instructions,1.0,tier1_qr_deterministic,pending,366.1,policy_admin
repurchase_2028,afrikaans,repurchase,repurchase,1.0,tier1_qr_deterministic,pending,260.8,policy_admin
repurchase_1730,clean,repurchase,repurchase,1.0,tier1_qr_deterministic,pending,267.7,policy_admin
bulk_3867,broker_bulk,bulk_instructions,bulk_instructions,1.0,tier1_qr_deterministic,pending,366.4,policy_admin
repurchase_2593,clean,repurchase,repurchase,1.0,tier1_qr_deterministic,pending,259.0,policy_admin
claim_retirement_9420,afrikaans,claim_retirement,claim_retirement,1.0,tier1_qr_deterministic,pending,159.1,claims
cover_letter_12,cover_letter,new_business,new_business,1.0,tier1_qr_deterministic,pending,236.4,new_business
maintenance_client_5019,clean,maintenance_client,maintenance_client,1.0,tier1_qr_deterministic,pending,55.1,policy_admin
repurchase_2894,cover_letter,repurchase,repurchase,1.0,tier1_qr_deterministic,pending,291.2,policy_admin
repurchase_311,clean,repurchase,repurchase,1.0,tier1_qr_deterministic,pending,262.8,policy_admin
afrikaans_mix_5,afrikaans_mixed,maintenance_contrib,maintenance_contrib,1.0,tier1_qr_deterministic,pending,53.5,policy_admin
bodyonly_6,body_only,maintenance_client,maintenance_client,0.76,body_only_classify,review,0.1,policy_admin
maintenance_client_4962,legacy,maintenance_client,maintenance_client,0.95,tier2_template,pending,33.5,policy_admin
new_business_8446,cover_letter,new_business,new_business,1.0,tier1_qr_deterministic,pending,242.1,new_business
maintenance_client_5275,clean,maintenance_client,maintenance_client,1.0,tier1_qr_deterministic,pending,53.5,policy_admin
maintenance_client_3666,clean,maintenance_client,maintenance_client,1.0,tier1_qr_deterministic,pending,53.8,policy_admin
maintenance_contrib_6792,afrikaans,maintenance_contrib,maintenance_contrib,1.0,tier1_qr_deterministic,pending,55.9,policy_admin
bulk_8176,broker_bulk,bulk_instructions,bulk_instructions,1.0,tier1_qr_deterministic,pending,368.6,policy_admin
new_business_7056,clean,new_business,new_business,1.0,tier1_qr_deterministic,pending,211.3,new_business
repurchase_1207,clean,repurchase,repurchase,1.0,tier1_qr_deterministic,pending,261.6,policy_admin
claim_death_9148,clean,claim_death,claim_death,1.0,tier1_qr_deterministic,pending,156.5,claims
cover_letter_8,cover_letter,maintenance_contrib,maintenance_contrib,1.0,tier1_qr_deterministic,pending,84.7,policy_admin
new_business_7212,legacy,new_business,new_business,0.95,tier2_template,pending,116.8,new_business
new_business_7385,clean,new_business,new_business,1.0,tier1_qr_deterministic,pending,212.7,new_business
cover_letter_9,cover_letter,maintenance_client,maintenance_client,1.0,tier1_qr_deterministic,pending,82.3,policy_admin
incomplete_12,incomplete_no_signature,maintenance_client,maintenance_client,0.5,tier2_unreadable,review,0.9,policy_admin
maintenance_contrib_6605,legacy,maintenance_contrib,maintenance_contrib,0.95,tier2_template,pending,31.9,policy_admin
repurchase_969,cover_letter,repurchase,repurchase,1.0,tier1_qr_deterministic,pending,315.5,policy_admin
maintenance_client_3031,clean,maintenance_client,maintenance_client,1.0,tier1_qr_deterministic,pending,54.1,policy_admin
maintenance_client_4524,clean,maintenance_client,maintenance_client,1.0,tier1_qr_deterministic,pending,53.5,policy_admin
maintenance_client_3841,clean,maintenance_client,maintenance_client,0.82,tier2_template,review,55.2,policy_admin
incomplete_15,incomplete_no_signature,maintenance_contrib,maintenance_contrib,0.5,tier2_unreadable,review,0.8,policy_admin
maintenance_client_4814,clean,maintenance_client,maintenance_client,1.0,tier1_qr_deterministic,pending,53.8,policy_admin
maintenance_contrib_6868,clean,maintenance_contrib,maintenance_contrib,1.0,tier1_qr_deterministic,pending,55.3,policy_admin
maintenance_client_3548,legacy,maintenance_client,maintenance_client,0.95,tier2_template,pending,29.7,policy_admin
maintenance_contrib_6035,clean,maintenance_contrib,maintenance_contrib,1.0,tier1_qr_deterministic,pending,53.8,policy_admin
afrikaans_mix_12,afrikaans_mixed,maintenance_client,maintenance_client,1.0,tier1_qr_deterministic,pending,53.2,policy_admin
repurchase_2496,clean,repurchase,repurchase,1.0,tier1_qr_deterministic,pending,261.3,policy_admin
maintenance_client_5380,clean,maintenance_client,maintenance_client,1.0,tier1_qr_deterministic,pending,53.9,policy_admin
maintenance_contrib_6762,clean,maintenance_contrib,maintenance_contrib,0.8,tier2_template,review,36.4,policy_admin
maintenance_client_4910,clean,maintenance_client,maintenance_client,1.0,tier1_qr_deterministic,pending,55.0,policy_admin
repurchase_291,clean,repurchase,repurchase,1.0,tier1_qr_deterministic,pending,261.9,policy_admin
maintenance_contrib_5940,afrikaans,maintenance_contrib,maintenance_contrib,1.0,tier1_qr_deterministic,pending,55.0,policy_admin
repurchase_2907,clean,repurchase,repurchase,1.0,tier1_qr_deterministic,pending,259.3,policy_admin
maintenance_client_4823,clean,maintenance_client,maintenance_client,1.0,tier1_qr_deterministic,pending,53.4,policy_admin
maintenance_contrib_6751,clean,maintenance_contrib,maintenance_contrib,1.0,tier1_qr_deterministic,pending,53.7,policy_admin
new_business_8142,clean,new_business,new_business,1.0,tier1_qr_deterministic,pending,207.5,new_business
new_business_7204,clean,new_business,new_business,1.0,tier1_qr_deterministic,pending,213.6,new_business
bulk_2613,broker_bulk,bulk_instructions,bulk_instructions,1.0,tier1_qr_deterministic,pending,367.1,policy_admin
maintenance_client_4930,clean,maintenance_client,maintenance_client,1.0,tier1_qr_deterministic,pending,55.1,policy_admin
new_business_7456,clean,new_business,new_business,1.0,tier1_qr_deterministic,pending,207.4,new_business
repurchase_671,clean,repurchase,repurchase,1.0,tier1_qr_deterministic,pending,258.9,policy_admin
new_business_7911,clean,new_business,new_business,1.0,tier1_qr_deterministic,pending,206.6,new_business
claim_death_8704,clean,claim_death,claim_death,1.0,tier1_qr_deterministic,pending,157.3,claims
bodyonly_7,body_only,maintenance_client,maintenance_client,0.95,body_only_classify,pending,0.1,policy_admin
maintenance_client_4722,clean,maintenance_client,maintenance_client,1.0,tier1_qr_deterministic,pending,53.5,policy_admin
legacy_noqr_13,legacy_no_qr,maintenance_client,maintenance_client,0.95,tier2_template,pending,30.5,policy_admin
maintenance_client_4812,clean,maintenance_client,maintenance_client,1.0,tier1_qr_deterministic,pending,55.4,policy_admin
new_business_7824,afrikaans,new_business,new_business,1.0,tier1_qr_deterministic,pending,210.1,new_business
repurchase_1265,clean,repurchase,repurchase,1.0,tier1_qr_deterministic,pending,264.4,policy_admin
repurchase_1631,clean,repurchase,repurchase,1.0,tier1_qr_deterministic,pending,261.1,policy_admin
repurchase_667,clean,repurchase,repurchase,1.0,tier1_qr_deterministic,pending,259.5,policy_admin
claim_death_9000,clean,claim_death,claim_death,1.0,tier1_qr_deterministic,pending,156.1,claims
maintenance_client_3727,clean,maintenance_client,maintenance_client,1.0,tier1_qr_deterministic,pending,74.3,policy_admin
maintenance_contrib_6954,clean,maintenance_contrib,maintenance_contrib,1.0,tier1_qr_deterministic,pending,56.0,policy_admin
maintenance_client_4387,clean,maintenance_client,maintenance_client,1.0,tier1_qr_deterministic,pending,53.2,policy_admin
repurchase_2908,clean,repurchase,repurchase,1.0,tier1_qr_deterministic,pending,260.4,policy_admin
maintenance_client_5405,clean,maintenance_client,maintenance_client,1.0,tier1_qr_deterministic,pending,55.6,policy_admin
new_business_7051,clean,new_business,new_business,1.0,tier1_qr_deterministic,pending,206.3,new_business
maintenance_client_4064,legacy,maintenance_client,maintenance_client,0.95,tier2_template,pending,31.0,policy_admin
maintenance_client_4631,clean,maintenance_client,maintenance_client,1.0,tier1_qr_deterministic,pending,55.0,policy_admin
new_business_7494,legacy,new_business,new_business,0.95,tier2_template,pending,110.8,new_business
new_business_8000,cover_letter,new_business,new_business,1.0,tier1_qr_deterministic,pending,233.7,new_business
afrikaans_mix_7,afrikaans_mixed,repurchase,repurchase,1.0,tier1_qr_deterministic,pending,261.9,policy_admin
maintenance_client_5022,clean,maintenance_client,maintenance_client,1.0,tier1_qr_deterministic,pending,55.5,policy_admin
maintenance_client_4629,cover_letter,maintenance_client,maintenance_client,1.0,tier1_qr_deterministic,pending,82.3,policy_admin
legacy_noqr_9,legacy_no_qr,repurchase,repurchase,0.95,tier2_template,pending,166.4,policy_admin
maintenance_client_3156,clean,maintenance_client,maintenance_client,1.0,tier1_qr_deterministic,pending,53.3,policy_admin
maintenance_contrib_6471,clean,maintenance_contrib,maintenance_contrib,1.0,tier1_qr_deterministic,pending,53.2,policy_admin
bodyonly_0,body_only,maintenance_client,maintenance_client,0.95,body_only_classify,pending,0.1,policy_admin
new_business_7968,clean,new_business,new_business,1.0,tier1_qr_deterministic,pending,206.9,new_business
repurchase_2672,cover_letter,repurchase,repurchase,1.0,tier1_qr_deterministic,pending,293.7,policy_admin
afrikaans_mix_14,afrikaans_mixed,maintenance_client,maintenance_client,1.0,tier1_qr_deterministic,pending,55.7,policy_admin
afrikaans_mix_16,afrikaans_mixed,maintenance_contrib,maintenance_contrib,1.0,tier1_qr_deterministic,pending,77.5,policy_admin
incomplete_7,incomplete_no_signature,maintenance_contrib,maintenance_contrib,0.5,tier2_unreadable,review,0.9,policy_admin
claim_death_8847,clean,claim_death,claim_death,1.0,tier1_qr_deterministic,pending,154.0,claims
new_business_8385,afrikaans,new_business,new_business,1.0,tier1_qr_deterministic,pending,208.4,new_business
cover_letter_18,cover_letter,new_business,new_business,1.0,tier1_qr_deterministic,pending,236.0,new_business
maintenance_contrib_5766,clean,maintenance_contrib,maintenance_contrib,0.8,tier2_template,review,36.5,policy_admin
maintenance_client_3351,clean,maintenance_client,maintenance_client,1.0,tier1_qr_deterministic,pending,54.8,policy_admin
claim_death_8863,clean,claim_death,claim_death,1.0,tier1_qr_deterministic,pending,157.5,claims
new_business_8328,clean,new_business,new_business,1.0,tier1_qr_deterministic,pending,208.3,new_business
maintenance_contrib_6825,clean,maintenance_contrib,maintenance_contrib,1.0,tier1_qr_deterministic,pending,53.2,policy_admin
new_business_8309,afrikaans,new_business,new_business,1.0,tier1_qr_deterministic,pending,210.5,new_business
maintenance_client_4775,clean,maintenance_client,maintenance_client,1.0,tier1_qr_deterministic,pending,55.3,policy_admin
maintenance_client_3858,clean,maintenance_client,maintenance_client,1.0,tier1_qr_deterministic,pending,53.3,policy_admin
mismatch_1,body_attachment_mismatch,maintenance_client,maintenance_client,1.0,tier1_qr_deterministic,pending,53.3,policy_admin
new_business_7528,afrikaans,new_business,new_business,1.0,tier1_qr_deterministic,pending,210.4,new_business
repurchase_439,clean,repurchase,repurchase,1.0,tier1_qr_deterministic,pending,261.1,policy_admin
afrikaans_mix_11,afrikaans_mixed,maintenance_client,maintenance_client,1.0,tier1_qr_deterministic,pending,53.5,policy_admin
maintenance_client_4321,clean,maintenance_client,maintenance_client,1.0,tier1_qr_deterministic,pending,55.1,policy_admin
maintenance_contrib_5939,clean,maintenance_contrib,maintenance_contrib,1.0,tier1_qr_deterministic,pending,53.0,policy_admin
new_business_8411,clean,new_business,new_business,1.0,tier1_qr_deterministic,pending,212.2,new_business
legacy_noqr_2,legacy_no_qr,claim_death,claim_death,0.95,tier2_template,pending,85.4,claims
maintenance_contrib_6270,afrikaans,maintenance_contrib,maintenance_contrib,1.0,tier1_qr_deterministic,pending,53.3,policy_admin
repurchase_76,clean,repurchase,repurchase,1.0,tier1_qr_deterministic,pending,260.0,policy_admin
new_business_7202,cover_letter,new_business,new_business,1.0,tier1_qr_deterministic,pending,237.8,new_business
repurchase_2664,clean,repurchase,repurchase,1.0,tier1_qr_deterministic,pending,260.9,policy_admin
new_business_8203,afrikaans,new_business,new_business,1.0,tier1_qr_deterministic,pending,208.7,new_business
cover_letter_13,cover_letter,maintenance_contrib,maintenance_contrib,1.0,tier1_qr_deterministic,pending,81.1,policy_admin
repurchase_1148,afrikaans,repurchase,repurchase,1.0,tier1_qr_deterministic,pending,266.4,policy_admin
repurchase_27,clean,repurchase,repurchase,1.0,tier1_qr_deterministic,pending,263.4,policy_admin
incomplete_13,incomplete_no_signature,maintenance_contrib,maintenance_contrib,0.5,tier2_unreadable,review,0.9,policy_admin
cover_letter_1,cover_letter,repurchase,repurchase,1.0,tier1_qr_deterministic,pending,284.4,policy_admin
maintenance_client_4646,legacy,maintenance_client,maintenance_client,0.95,tier2_template,pending,30.2,policy_admin
repurchase_1771,clean,repurchase,repurchase,1.0,tier1_qr_deterministic,pending,265.1,policy_admin
afrikaans_mix_0,afrikaans_mixed,maintenance_contrib,maintenance_contrib,1.0,tier1_qr_deterministic,pending,53.7,policy_admin
repurchase_1624,legacy,repurchase,repurchase,0.95,tier2_template,pending,188.0,policy_admin
afrikaans_mix_13,afrikaans_mixed,maintenance_client,maintenance_client,1.0,tier1_qr_deterministic,pending,53.6,policy_admin
legacy_noqr_12,legacy_no_qr,maintenance_contrib,maintenance_contrib,0.95,tier2_template,pending,32.7,policy_admin
repurchase_100,cover_letter,repurchase,repurchase,1.0,tier1_qr_deterministic,pending,315.7,policy_admin
maintenance_client_4695,cover_letter,maintenance_client,maintenance_client,1.0,tier1_qr_deterministic,pending,80.1,policy_admin
incomplete_8,incomplete_no_signature,maintenance_client,maintenance_client,0.5,tier2_unreadable,review,0.9,policy_admin
new_business_7144,clean,new_business,new_business,1.0,tier1_qr_deterministic,pending,208.8,new_business
maintenance_client_4334,afrikaans,maintenance_client,maintenance_client,1.0,tier1_qr_deterministic,pending,53.1,policy_admin
new_business_8153,legacy,new_business,new_business,0.95,tier2_template,pending,110.5,new_business
repurchase_1514,clean,repurchase,repurchase,1.0,tier1_qr_deterministic,pending,260.9,policy_admin
repurchase_94,clean,repurchase,repurchase,1.0,tier1_qr_deterministic,pending,262.9,policy_admin
claim_death_8520,cover_letter,claim_death,claim_death,1.0,tier1_qr_deterministic,pending,182.3,claims
repurchase_2067,clean,repurchase,repurchase,1.0,tier1_qr_deterministic,pending,263.3,policy_admin
incomplete_11,incomplete_no_signature,maintenance_contrib,maintenance_contrib,0.5,tier2_unreadable,review,0.9,policy_admin
new_business_7228,afrikaans,new_business,new_business,0.8,tier1_qr_deterministic,review,184.9,new_business
maintenance_contrib_6796,legacy,maintenance_contrib,maintenance_contrib,0.95,tier2_template,pending,30.2,policy_admin
repurchase_368,afrikaans,repurchase,repurchase,1.0,tier1_qr_deterministic,pending,265.0,policy_admin
repurchase_1091,clean,repurchase,repurchase,1.0,tier1_qr_deterministic,pending,261.3,policy_admin
repurchase_499,cover_letter,repurchase,repurchase,1.0,tier1_qr_deterministic,pending,290.2,policy_admin
maintenance_contrib_5541,clean,maintenance_contrib,maintenance_contrib,1.0,tier1_qr_deterministic,pending,55.4,policy_admin
maintenance_contrib_6179,afrikaans,maintenance_contrib,maintenance_contrib,1.0,tier1_qr_deterministic,pending,53.5,policy_admin
maintenance_client_4754,clean,maintenance_client,maintenance_client,1.0,tier1_qr_deterministic,pending,53.3,policy_admin
maintenance_client_5155,clean,maintenance_client,maintenance_client,1.0,tier1_qr_deterministic,pending,53.4,policy_admin
maintenance_contrib_6555,afrikaans,maintenance_contrib,maintenance_contrib,1.0,tier1_qr_deterministic,pending,53.4,policy_admin
maintenance_contrib_6006,clean,maintenance_contrib,maintenance_contrib,1.0,tier1_qr_deterministic,pending,53.5,policy_admin
repurchase_2801,afrikaans,repurchase,repurchase,1.0,tier1_qr_deterministic,pending,260.7,policy_admin
maintenance_contrib_6622,clean,maintenance_contrib,maintenance_contrib,1.0,tier1_qr_deterministic,pending,53.5,policy_admin
repurchase_1496,clean,repurchase,repurchase,1.0,tier1_qr_deterministic,pending,261.1,policy_admin
repurchase_1793,clean,repurchase,repurchase,1.0,tier1_qr_deterministic,pending,261.8,policy_admin
repurchase_1346,clean,repurchase,repurchase,1.0,tier1_qr_deterministic,pending,262.6,policy_admin
maintenance_client_5416,afrikaans,maintenance_client,maintenance_client,1.0,tier1_qr_deterministic,pending,53.8,policy_admin
bulk_2231,broker_bulk,bulk_instructions,bulk_instructions,1.0,tier1_qr_deterministic,pending,310.3,policy_admin
repurchase_1408,clean,repurchase,repurchase,1.0,tier1_qr_deterministic,pending,260.1,policy_admin
maintenance_contrib_5906,clean,maintenance_contrib,maintenance_contrib,1.0,tier1_qr_deterministic,pending,54.0,policy_admin
new_business_7200,afrikaans,new_business,new_business,1.0,tier1_qr_deterministic,pending,212.0,new_business
maintenance_client_4617,afrikaans,maintenance_client,maintenance_client,1.0,tier1_qr_deterministic,pending,53.8,policy_admin
mismatch_2,body_attachment_mismatch,maintenance_client,maintenance_client,1.0,tier1_qr_deterministic,pending,54.9,policy_admin
maintenance_contrib_5657,clean,maintenance_contrib,maintenance_contrib,1.0,tier1_qr_deterministic,pending,54.0,policy_admin
bulk_8122,broker_bulk,bulk_instructions,bulk_instructions,1.0,tier1_qr_deterministic,pending,364.2,policy_admin
claim_death_8819,clean,claim_death,claim_death,1.0,tier1_qr_deterministic,pending,159.1,claims
mismatch_0,body_attachment_mismatch,maintenance_client,maintenance_client,1.0,tier1_qr_deterministic,pending,53.2,policy_admin
bodyonly_1,body_only,maintenance_contrib,maintenance_contrib,0.95,body_only_classify,pending,0.1,policy_admin
maintenance_client_4386,clean,maintenance_client,maintenance_client,1.0,tier1_qr_deterministic,pending,55.0,policy_admin
maintenance_contrib_5659,clean,maintenance_contrib,maintenance_contrib,1.0,tier1_qr_deterministic,pending,53.4,policy_admin
maintenance_contrib_5668,clean,maintenance_contrib,maintenance_contrib,1.0,tier1_qr_deterministic,pending,53.6,policy_admin
maintenance_client_3311,legacy,maintenance_client,maintenance_client,0.95,tier2_template,pending,31.4,policy_admin
repurchase_1559,clean,repurchase,repurchase,1.0,tier1_qr_deterministic,pending,262.7,policy_admin
claim_death_8965,clean,claim_death,claim_death,1.0,tier1_qr_deterministic,pending,154.6,claims
cover_letter_10,cover_letter,claim_retirement,claim_retirement,1.0,tier1_qr_deterministic,pending,185.6,claims
maintenance_client_4578,clean,maintenance_client,maintenance_client,1.0,tier1_qr_deterministic,pending,54.5,policy_admin
repurchase_720,legacy,repurchase,repurchase,0.95,tier2_template,pending,167.1,policy_admin
afrikaans_mix_19,afrikaans_mixed,maintenance_client,maintenance_client,1.0,tier1_qr_deterministic,pending,55.0,policy_admin
incomplete_0,incomplete_no_signature,maintenance_contrib,maintenance_contrib,0.5,tier2_unreadable,review,0.9,policy_admin
repurchase_2021,clean,repurchase,repurchase,1.0,tier1_qr_deterministic,pending,269.1,policy_admin
repurchase_1371,clean,repurchase,repurchase,1.0,tier1_qr_deterministic,pending,269.9,policy_admin
maintenance_client_4218,clean,maintenance_client,maintenance_client,1.0,tier1_qr_deterministic,pending,54.9,policy_admin
repurchase_482,clean,repurchase,repurchase,1.0,tier1_qr_deterministic,pending,269.1,policy_admin
maintenance_client_3787,clean,maintenance_client,maintenance_client,1.0,tier1_qr_deterministic,pending,55.3,policy_admin
maintenance_client_4922,clean,maintenance_client,maintenance_client,1.0,tier1_qr_deterministic,pending,57.0,policy_admin
cover_letter_3,cover_letter,new_business,new_business,1.0,tier1_qr_deterministic,pending,243.7,new_business
repurchase_2735,clean,repurchase,repurchase,1.0,tier1_qr_deterministic,pending,296.6,policy_admin
repurchase_2024,clean,repurchase,repurchase,1.0,tier1_qr_deterministic,pending,267.0,policy_admin
new_business_8359,clean,new_business,new_business,1.0,tier1_qr_deterministic,pending,215.1,new_business
repurchase_1509,clean,repurchase,repurchase,1.0,tier1_qr_deterministic,pending,267.2,policy_admin
bulk_7903,broker_bulk,bulk_instructions,bulk_instructions,1.0,tier1_qr_deterministic,pending,585.9,policy_admin
maintenance_client_4682,afrikaans,maintenance_client,maintenance_client,1.0,tier1_qr_deterministic,pending,57.6,policy_admin
repurchase_28,clean,repurchase,repurchase,1.0,tier1_qr_deterministic,pending,272.1,policy_admin
new_business_8079,clean,new_business,new_business,1.0,tier1_qr_deterministic,pending,213.8,new_business
claim_retirement_9412,clean,claim_retirement,claim_retirement,1.0,tier1_qr_deterministic,pending,160.6,claims
repurchase_92,clean,repurchase,repurchase,1.0,tier1_qr_deterministic,pending,270.9,policy_admin
bodyonly_8,body_only,repurchase,repurchase,0.88,body_only_classify,pending,0.1,policy_admin
bulk_4169,broker_bulk,bulk_instructions,bulk_instructions,1.0,tier1_qr_deterministic,pending,324.6,policy_admin
maintenance_client_4520,legacy,maintenance_client,maintenance_client,0.95,tier2_template,pending,30.7,policy_admin
repurchase_1965,clean,repurchase,repurchase,1.0,tier1_qr_deterministic,pending,269.6,policy_admin
legacy_noqr_16,legacy_no_qr,maintenance_client,maintenance_client,0.95,tier2_template,pending,31.8,policy_admin
new_business_7088,clean,new_business,new_business,1.0,tier1_qr_deterministic,pending,220.1,new_business
new_business_7413,cover_letter,new_business,new_business,1.0,tier1_qr_deterministic,pending,241.9,new_business
mismatch_4,body_attachment_mismatch,maintenance_client,maintenance_client,1.0,tier1_qr_deterministic,pending,56.5,policy_admin
maintenance_client_5486,clean,maintenance_client,maintenance_client,1.0,tier1_qr_deterministic,pending,54.6,policy_admin
repurchase_126,legacy,repurchase,repurchase,0.95,tier2_template,pending,169.1,policy_admin
legacy_noqr_1,legacy_no_qr,repurchase,repurchase,0.95,tier2_template,pending,167.5,policy_admin
maintenance_contrib_6073,clean,maintenance_contrib,maintenance_contrib,1.0,tier1_qr_deterministic,pending,53.9,policy_admin
repurchase_2546,clean,repurchase,repurchase,1.0,tier1_qr_deterministic,pending,258.9,policy_admin
repurchase_1562,clean,repurchase,repurchase,1.0,tier1_qr_deterministic,pending,257.4,policy_admin
new_business_7790,clean,new_business,new_business,1.0,tier1_qr_deterministic,pending,207.6,new_business
maintenance_client_4430,legacy,maintenance_client,maintenance_client,0.95,tier2_template,pending,30.0,policy_admin
afrikaans_mix_2,afrikaans_mixed,repurchase,repurchase,1.0,tier1_qr_deterministic,pending,263.8,policy_admin
maintenance_client_3230,afrikaans,maintenance_client,maintenance_client,1.0,tier1_qr_deterministic,pending,55.7,policy_admin
maintenance_contrib_6518,clean,maintenance_contrib,maintenance_contrib,0.8,tier2_template,review,37.8,policy_admin
maintenance_contrib_5793,clean,maintenance_contrib,maintenance_contrib,1.0,tier1_qr_deterministic,pending,53.5,policy_admin
afrikaans_mix_10,afrikaans_mixed,repurchase,repurchase,1.0,tier1_qr_deterministic,pending,264.4,policy_admin
afrikaans_mix_4,afrikaans_mixed,repurchase,repurchase,1.0,tier1_qr_deterministic,pending,262.1,policy_admin
incomplete_6,incomplete_no_signature,maintenance_contrib,maintenance_contrib,0.5,tier2_unreadable,review,0.9,policy_admin
maintenance_contrib_6557,legacy,maintenance_contrib,maintenance_contrib,0.95,tier2_template,pending,31.3,policy_admin
new_business_7726,clean,new_business,new_business,1.0,tier1_qr_deterministic,pending,208.0,new_business
repurchase_734,afrikaans,repurchase,repurchase,1.0,tier1_qr_deterministic,pending,277.0,policy_admin
maintenance_contrib_6502,clean,maintenance_contrib,maintenance_contrib,1.0,tier1_qr_deterministic,pending,60.8,policy_admin
maintenance_contrib_6901,clean,maintenance_contrib,maintenance_contrib,1.0,tier1_qr_deterministic,pending,54.7,policy_admin
new_business_8498,clean,new_business,new_business,1.0,tier1_qr_deterministic,pending,214.8,new_business
maintenance_contrib_5860,legacy,maintenance_contrib,maintenance_contrib,0.95,tier2_template,pending,30.3,policy_admin
repurchase_30,clean,repurchase,repurchase,1.0,tier1_qr_deterministic,pending,264.2,policy_admin
maintenance_client_4518,clean,maintenance_client,maintenance_client,1.0,tier1_qr_deterministic,pending,55.8,policy_admin
new_business_7156,cover_letter,new_business,new_business,1.0,tier1_qr_deterministic,pending,234.2,new_business
repurchase_1863,clean,repurchase,repurchase,1.0,tier1_qr_deterministic,pending,260.9,policy_admin
maintenance_client_3471,clean,maintenance_client,maintenance_client,1.0,tier1_qr_deterministic,pending,53.5,policy_admin
maintenance_client_3482,clean,maintenance_client,maintenance_client,1.0,tier1_qr_deterministic,pending,55.5,policy_admin
maintenance_client_5200,clean,maintenance_client,maintenance_client,1.0,tier1_qr_deterministic,pending,53.4,policy_admin
maintenance_contrib_6268,legacy,maintenance_contrib,maintenance_contrib,0.95,tier2_template,pending,30.0,policy_admin
claim_retirement_9899,afrikaans,claim_retirement,claim_retirement,1.0,tier1_qr_deterministic,pending,158.8,claims
maintenance_contrib_6745,clean,maintenance_contrib,maintenance_contrib,1.0,tier1_qr_deterministic,pending,55.4,policy_admin
new_business_8175,clean,new_business,new_business,1.0,tier1_qr_deterministic,pending,207.1,new_business
maintenance_client_4405,legacy,maintenance_client,maintenance_client,0.95,tier2_template,pending,30.9,policy_admin
new_business_7740,clean,new_business,new_business,1.0,tier1_qr_deterministic,pending,189.7,new_business
maintenance_client_4127,clean,maintenance_client,maintenance_client,1.0,tier1_qr_deterministic,pending,61.4,policy_admin
mismatch_9,body_attachment_mismatch,maintenance_client,maintenance_client,1.0,tier1_qr_deterministic,pending,56.2,policy_admin
repurchase_1606,clean,repurchase,repurchase,1.0,tier1_qr_deterministic,pending,256.3,policy_admin
maintenance_client_4735,clean,maintenance_client,maintenance_client,1.0,tier1_qr_deterministic,pending,54.9,policy_admin
maintenance_contrib_6253,cover_letter,maintenance_contrib,maintenance_contrib,1.0,tier1_qr_deterministic,pending,82.1,policy_admin
maintenance_client_3009,clean,maintenance_client,maintenance_client,1.0,tier1_qr_deterministic,pending,54.1,policy_admin
claim_retirement_9642,clean,claim_retirement,claim_retirement,1.0,tier1_qr_deterministic,pending,159.5,claims
new_business_7397,clean,new_business,new_business,1.0,tier1_qr_deterministic,pending,206.9,new_business
bodyonly_5,body_only,claim_death,claim_death,0.95,body_only_classify,pending,0.1,claims
maintenance_client_5268,clean,maintenance_client,maintenance_client,1.0,tier1_qr_deterministic,pending,53.9,policy_admin
repurchase_2925,clean,repurchase,repurchase,1.0,tier1_qr_deterministic,pending,258.3,policy_admin
maintenance_contrib_5861,clean,maintenance_contrib,maintenance_contrib,1.0,tier1_qr_deterministic,pending,53.3,policy_admin
maintenance_contrib_5797,clean,maintenance_contrib,maintenance_contrib,1.0,tier1_qr_deterministic,pending,56.1,policy_admin
repurchase_345,clean,repurchase,repurchase,1.0,tier1_qr_deterministic,pending,260.9,policy_admin
claim_retirement_9752,clean,claim_retirement,claim_retirement,1.0,tier1_qr_deterministic,pending,157.6,claims
repurchase_799,clean,repurchase,repurchase,1.0,tier1_qr_deterministic,pending,261.8,policy_admin
repurchase_994,afrikaans,repurchase,repurchase,1.0,tier1_qr_deterministic,pending,261.8,policy_admin
maintenance_client_3411,clean,maintenance_client,maintenance_client,1.0,tier1_qr_deterministic,pending,53.4,policy_admin
legacy_noqr_14,legacy_no_qr,new_business,new_business,0.95,tier2_template,pending,109.8,new_business
cover_letter_6,cover_letter,maintenance_contrib,maintenance_contrib,1.0,tier1_qr_deterministic,pending,87.3,policy_admin
afrikaans_mix_3,afrikaans_mixed,maintenance_client,maintenance_client,1.0,tier1_qr_deterministic,pending,78.9,policy_admin
incomplete_9,incomplete_no_signature,repurchase,repurchase,0.8,tier1_qr_deterministic,review,210.5,policy_admin
claim_death_8537,clean,claim_death,claim_death,1.0,tier1_qr_deterministic,pending,156.8,claims
new_business_8311,clean,new_business,new_business,1.0,tier1_qr_deterministic,pending,211.6,new_business
repurchase_261,afrikaans,repurchase,repurchase,1.0,tier1_qr_deterministic,pending,261.9,policy_admin
repurchase_322,clean,repurchase,repurchase,1.0,tier1_qr_deterministic,pending,261.2,policy_admin
maintenance_client_5272,afrikaans,maintenance_client,maintenance_client,1.0,tier1_qr_deterministic,pending,53.6,policy_admin
maintenance_contrib_6844,clean,maintenance_contrib,maintenance_contrib,1.0,tier1_qr_deterministic,pending,53.9,policy_admin
maintenance_client_3010,clean,maintenance_client,maintenance_client,1.0,tier1_qr_deterministic,pending,53.6,policy_admin
new_business_7771,clean,new_business,new_business,1.0,tier1_qr_deterministic,pending,209.4,new_business
new_business_8083,legacy,new_business,new_business,0.95,tier2_template,pending,109.3,new_business
afrikaans_mix_6,afrikaans_mixed,claim_death,claim_death,1.0,tier1_qr_deterministic,pending,156.9,claims
repurchase_2355,clean,repurchase,repurchase,1.0,tier1_qr_deterministic,pending,260.2,policy_admin
repurchase_2166,clean,repurchase,repurchase,1.0,tier1_qr_deterministic,pending,262.1,policy_admin
maintenance_contrib_5912,clean,maintenance_contrib,maintenance_contrib,1.0,tier1_qr_deterministic,pending,55.9,policy_admin
maintenance_client_5440,clean,maintenance_client,maintenance_client,1.0,tier1_qr_deterministic,pending,55.7,policy_admin
repurchase_2883,clean,repurchase,repurchase,1.0,tier1_qr_deterministic,pending,261.5,policy_admin
new_business_8454,legacy,new_business,new_business,0.95,tier2_template,pending,109.6,new_business
new_business_7218,clean,new_business,new_business,1.0,tier1_qr_deterministic,pending,209.0,new_business
maintenance_client_3833,clean,maintenance_client,maintenance_client,1.0,tier1_qr_deterministic,pending,57.5,policy_admin
repurchase_2192,clean,repurchase,repurchase,1.0,tier1_qr_deterministic,pending,257.5,policy_admin
maintenance_client_3419,legacy,maintenance_client,maintenance_client,0.95,tier2_template,pending,31.6,policy_admin
new_business_7229,clean,new_business,new_business,1.0,tier1_qr_deterministic,pending,210.7,new_business
maintenance_client_3790,clean,maintenance_client,maintenance_client,1.0,tier1_qr_deterministic,pending,53.6,policy_admin
new_business_8291,legacy,new_business,new_business,0.95,tier2_template,pending,109.2,new_business
new_business_8093,afrikaans,new_business,new_business,1.0,tier1_qr_deterministic,pending,207.9,new_business
new_business_7770,clean,new_business,new_business,1.0,tier1_qr_deterministic,pending,209.6,new_business
repurchase_385,clean,repurchase,repurchase,1.0,tier1_qr_deterministic,pending,270.9,policy_admin
repurchase_253,clean,repurchase,repurchase,1.0,tier1_qr_deterministic,pending,260.7,policy_admin
repurchase_1033,legacy,repurchase,repurchase,0.95,tier2_template,pending,169.4,policy_admin
maintenance_client_3120,clean,maintenance_client,maintenance_client,1.0,tier1_qr_deterministic,pending,53.5,policy_admin
new_business_7695,clean,new_business,new_business,1.0,tier1_qr_deterministic,pending,207.7,new_business
maintenance_client_4943,clean,maintenance_client,maintenance_client,1.0,tier1_qr_deterministic,pending,53.3,policy_admin
maintenance_client_5198,clean,maintenance_client,maintenance_client,1.0,tier1_qr_deterministic,pending,55.7,policy_admin
maintenance_client_5311,clean,maintenance_client,maintenance_client,1.0,tier1_qr_deterministic,pending,53.4,policy_admin
new_business_7508,clean,new_business,new_business,1.0,tier1_qr_deterministic,pending,205.1,new_business
claim_death_8922,clean,claim_death,claim_death,1.0,tier1_qr_deterministic,pending,159.7,claims
repurchase_1083,clean,repurchase,repurchase,1.0,tier1_qr_deterministic,pending,262.5,policy_admin
claim_retirement_9314,clean,claim_retirement,claim_retirement,1.0,tier1_qr_deterministic,pending,155.8,claims
legacy_noqr_4,legacy_no_qr,repurchase,repurchase,0.95,tier2_template,pending,170.9,policy_admin
maintenance_client_3396,clean,maintenance_client,maintenance_client,1.0,tier1_qr_deterministic,pending,57.2,policy_admin
maintenance_client_4010,legacy,maintenance_client,maintenance_client,0.95,tier2_template,pending,31.5,policy_admin
incomplete_19,incomplete_no_signature,maintenance_client,maintenance_client,0.5,tier2_unreadable,review,1.0,policy_admin
maintenance_client_4372,clean,maintenance_client,maintenance_client,1.0,tier1_qr_deterministic,pending,57.8,policy_admin
maintenance_client_5422,clean,maintenance_client,maintenance_client,1.0,tier1_qr_deterministic,pending,56.9,policy_admin
repurchase_303,clean,repurchase,repurchase,1.0,tier1_qr_deterministic,pending,271.7,policy_admin
maintenance_client_4948,clean,maintenance_client,maintenance_client,1.0,tier1_qr_deterministic,pending,55.3,policy_admin
repurchase_2340,clean,repurchase,repurchase,1.0,tier1_qr_deterministic,pending,271.2,policy_admin
repurchase_258,clean,repurchase,repurchase,1.0,tier1_qr_deterministic,pending,272.4,policy_admin
cover_letter_17,cover_letter,repurchase,repurchase,1.0,tier1_qr_deterministic,pending,299.5,policy_admin
bulk_5563,broker_bulk,bulk_instructions,bulk_instructions,1.0,tier1_qr_deterministic,pending,380.8,policy_admin
repurchase_4,cover_letter,repurchase,repurchase,1.0,tier1_qr_deterministic,pending,295.6,policy_admin
maintenance_client_3434,clean,maintenance_client,maintenance_client,1.0,tier1_qr_deterministic,pending,55.0,policy_admin
claim_death_8718,clean,claim_death,claim_death,1.0,tier1_qr_deterministic,pending,159.7,claims
maintenance_client_4983,afrikaans,maintenance_client,maintenance_client,1.0,tier1_qr_deterministic,pending,58.3,policy_admin
repurchase_113,legacy,repurchase,repurchase,0.95,tier2_template,pending,170.6,policy_admin
maintenance_client_4854,cover_letter,maintenance_client,maintenance_client,1.0,tier1_qr_deterministic,pending,83.9,policy_admin
legacy_noqr_3,legacy_no_qr,new_business,new_business,0.95,tier2_template,pending,117.5,new_business
new_business_8181,legacy,new_business,new_business,0.95,tier2_template,pending,112.5,new_business
repurchase_2018,clean,repurchase,repurchase,1.0,tier1_qr_deterministic,pending,269.4,policy_admin
maintenance_contrib_6687,legacy,maintenance_contrib,maintenance_contrib,0.95,tier2_template,pending,31.2,policy_admin
legacy_noqr_19,legacy_no_qr,maintenance_contrib,maintenance_contrib,0.95,tier2_template,pending,30.9,policy_admin
afrikaans_mix_1,afrikaans_mixed,repurchase,repurchase,1.0,tier1_qr_deterministic,pending,270.3,policy_admin
maintenance_contrib_6159,afrikaans,maintenance_contrib,maintenance_contrib,1.0,tier1_qr_deterministic,pending,57.6,policy_admin
claim_death_9049,clean,claim_death,claim_death,1.0,tier1_qr_deterministic,pending,159.0,claims
claim_retirement_9908,clean,claim_retirement,claim_retirement,1.0,tier1_qr_deterministic,pending,160.5,claims
claim_death_8867,clean,claim_death,claim_death,1.0,tier1_qr_deterministic,pending,162.0,claims
repurchase_2254,clean,repurchase,repurchase,1.0,tier1_qr_deterministic,pending,271.1,policy_admin
incomplete_10,incomplete_no_signature,maintenance_contrib,maintenance_contrib,0.5,tier2_unreadable,review,1.0,policy_admin
repurchase_2634,legacy,repurchase,repurchase,0.95,tier2_template,pending,167.9,policy_admin
new_business_7536,afrikaans,new_business,new_business,1.0,tier1_qr_deterministic,pending,210.7,new_business
new_business_7760,legacy,new_business,new_business,0.95,tier2_template,pending,133.4,new_business
maintenance_contrib_6294,clean,maintenance_contrib,maintenance_contrib,1.0,tier1_qr_deterministic,pending,56.4,policy_admin
maintenance_client_3991,clean,maintenance_client,maintenance_client,1.0,tier1_qr_deterministic,pending,54.9,policy_admin
legacy_noqr_0,legacy_no_qr,repurchase,repurchase,0.95,tier2_template,pending,167.7,policy_admin
claim_death_8895,clean,claim_death,claim_death,1.0,tier1_qr_deterministic,pending,161.2,claims
maintenance_client_4268,cover_letter,maintenance_client,maintenance_client,1.0,tier1_qr_deterministic,pending,84.4,policy_admin
maintenance_client_3017,afrikaans,maintenance_client,maintenance_client,1.0,tier1_qr_deterministic,pending,54.7,policy_admin
maintenance_client_3095,clean,maintenance_client,maintenance_client,1.0,tier1_qr_deterministic,pending,55.4,policy_admin
claim_retirement_9640,clean,claim_retirement,claim_retirement,1.0,tier1_qr_deterministic,pending,164.8,claims
maintenance_client_4992,clean,maintenance_client,maintenance_client,1.0,tier1_qr_deterministic,pending,55.0,policy_admin
bulk_9026,broker_bulk,bulk_instructions,bulk_instructions,1.0,tier1_qr_deterministic,pending,375.1,policy_admin
repurchase_2610,clean,repurchase,repurchase,1.0,tier1_qr_deterministic,pending,271.5,policy_admin
new_business_7972,legacy,new_business,new_business,0.95,tier2_template,pending,116.7,new_business
maintenance_client_3239,cover_letter,maintenance_client,maintenance_client,1.0,tier1_qr_deterministic,pending,87.9,policy_admin
repurchase_1247,clean,repurchase,repurchase,1.0,tier1_qr_deterministic,pending,269.5,policy_admin
cover_letter_16,cover_letter,new_business,new_business,0.8,tier1_qr_deterministic,review,222.8,new_business
new_business_8403,clean,new_business,new_business,1.0,tier1_qr_deterministic,pending,217.5,new_business
maintenance_client_3402,clean,maintenance_client,maintenance_client,1.0,tier1_qr_deterministic,pending,55.0,policy_admin
repurchase_88,clean,repurchase,repurchase,1.0,tier1_qr_deterministic,pending,266.4,policy_admin
maintenance_contrib_6690,clean,maintenance_contrib,maintenance_contrib,1.0,tier1_qr_deterministic,pending,57.2,policy_admin
repurchase_729,afrikaans,repurchase,repurchase,1.0,tier1_qr_deterministic,pending,268.1,policy_admin
repurchase_566,clean,repurchase,repurchase,1.0,tier1_qr_deterministic,pending,265.3,policy_admin
bulk_346,broker_bulk,bulk_instructions,bulk_instructions,1.0,tier1_qr_deterministic,pending,619.7,policy_admin
repurchase_2220,legacy,repurchase,repurchase,0.95,tier2_template,pending,174.1,policy_admin
maintenance_client_4821,clean,maintenance_client,maintenance_client,1.0,tier1_qr_deterministic,pending,54.5,policy_admin
repurchase_623,afrikaans,repurchase,repurchase,1.0,tier1_qr_deterministic,pending,262.0,policy_admin
maintenance_contrib_6329,clean,maintenance_contrib,maintenance_contrib,1.0,tier1_qr_deterministic,pending,53.5,policy_admin
maintenance_contrib_6007,clean,maintenance_contrib,maintenance_contrib,1.0,tier1_qr_deterministic,pending,53.4,policy_admin
legacy_noqr_7,legacy_no_qr,repurchase,repurchase,0.95,tier2_template,pending,167.9,policy_admin
maintenance_client_3874,clean,maintenance_client,maintenance_client,1.0,tier1_qr_deterministic,pending,53.3,policy_admin
bulk_5968,broker_bulk,bulk_instructions,bulk_instructions,1.0,tier1_qr_deterministic,pending,317.0,policy_admin
new_business_8360,clean,new_business,new_business,1.0,tier1_qr_deterministic,pending,207.2,new_business
maintenance_client_5097,clean,maintenance_client,maintenance_client,1.0,tier1_qr_deterministic,pending,53.6,policy_admin
cover_letter_11,cover_letter,repurchase,repurchase,1.0,tier1_qr_deterministic,pending,292.1,policy_admin
bulk_6554,broker_bulk,bulk_instructions,bulk_instructions,1.0,tier1_qr_deterministic,pending,573.0,policy_admin
maintenance_contrib_5663,afrikaans,maintenance_contrib,maintenance_contrib,1.0,tier1_qr_deterministic,pending,55.4,policy_admin
new_business_7415,clean,new_business,new_business,1.0,tier1_qr_deterministic,pending,210.9,new_business
maintenance_client_3101,cover_letter,maintenance_client,maintenance_client,1.0,tier1_qr_deterministic,pending,80.6,policy_admin
repurchase_36,clean,repurchase,repurchase,1.0,tier1_qr_deterministic,pending,263.5,policy_admin
claim_retirement_9732,afrikaans,claim_retirement,claim_retirement,1.0,tier1_qr_deterministic,pending,157.0,claims
new_business_7588,clean,new_business,new_business,1.0,tier1_qr_deterministic,pending,206.2,new_business
maintenance_contrib_5554,legacy,maintenance_contrib,maintenance_contrib,0.95,tier2_template,pending,31.9,policy_admin
bulk_8938,broker_bulk,bulk_instructions,bulk_instructions,1.0,tier1_qr_deterministic,pending,313.3,policy_admin
claim_death_8652,clean,claim_death,claim_death,1.0,tier1_qr_deterministic,pending,158.4,claims
new_business_7886,clean,new_business,new_business,1.0,tier1_qr_deterministic,pending,205.5,new_business
repurchase_1121,clean,repurchase,repurchase,1.0,tier1_qr_deterministic,pending,259.9,policy_admin
mismatch_7,body_attachment_mismatch,maintenance_client,maintenance_client,1.0,tier1_qr_deterministic,pending,53.6,policy_admin
new_business_8242,clean,new_business,new_business,1.0,tier1_qr_deterministic,pending,210.8,new_business
afrikaans_mix_15,afrikaans_mixed,repurchase,repurchase,1.0,tier1_qr_deterministic,pending,259.1,policy_admin
new_business_7840,clean,new_business,new_business,1.0,tier1_qr_deterministic,pending,209.2,new_business
maintenance_contrib_6689,clean,maintenance_contrib,maintenance_contrib,1.0,tier1_qr_deterministic,pending,53.5,policy_admin
claim_death_8901,legacy,claim_death,claim_death,0.95,tier2_template,pending,86.1,claims
legacy_noqr_8,legacy_no_qr,repurchase,repurchase,0.95,tier2_template,pending,166.4,policy_admin
claim_death_8574,clean,claim_death,claim_death,1.0,tier1_qr_deterministic,pending,159.7,claims
new_business_7937,clean,new_business,new_business,1.0,tier1_qr_deterministic,pending,211.1,new_business
claim_retirement_9410,clean,claim_retirement,claim_retirement,1.0,tier1_qr_deterministic,pending,153.9,claims
claim_death_8798,clean,claim_death,claim_death,1.0,tier1_qr_deterministic,pending,156.0,claims
repurchase_855,afrikaans,repurchase,repurchase,1.0,tier1_qr_deterministic,pending,260.9,policy_admin
repurchase_1075,legacy,repurchase,repurchase,0.95,tier2_template,pending,170.7,policy_admin
new_business_8259,clean,new_business,new_business,1.0,tier1_qr_deterministic,pending,212.5,new_business
maintenance_contrib_6341,clean,maintenance_contrib,maintenance_contrib,1.0,tier1_qr_deterministic,pending,57.5,policy_admin
maintenance_client_3574,clean,maintenance_client,maintenance_client,1.0,tier1_qr_deterministic,pending,54.8,policy_admin
cover_letter_0,cover_letter,maintenance_contrib,maintenance_contrib,1.0,tier1_qr_deterministic,pending,84.5,policy_admin
new_business_8159,clean,new_business,new_business,1.0,tier1_qr_deterministic,pending,214.9,new_business
incomplete_2,incomplete_no_signature,repurchase,repurchase,0.8,tier1_qr_deterministic,review,215.6,policy_admin
new_business_8212,clean,new_business,new_business,1.0,tier1_qr_deterministic,pending,214.2,new_business
claim_death_9209,legacy,claim_death,claim_death,0.95,tier2_template,pending,87.9,claims
afrikaans_mix_17,afrikaans_mixed,repurchase,repurchase,1.0,tier1_qr_deterministic,pending,268.2,policy_admin
claim_retirement_9276,clean,claim_retirement,claim_retirement,1.0,tier1_qr_deterministic,pending,161.5,claims
bodyonly_2,body_only,maintenance_client,maintenance_client,0.95,body_only_classify,pending,0.1,policy_admin
new_business_8268,clean,new_business,new_business,1.0,tier1_qr_deterministic,pending,211.9,new_business
maintenance_contrib_5562,clean,maintenance_contrib,maintenance_contrib,1.0,tier1_qr_deterministic,pending,57.0,policy_admin
repurchase_1312,clean,repurchase,repurchase,1.0,tier1_qr_deterministic,pending,268.4,policy_admin
new_business_7624,legacy,new_business,new_business,0.95,tier2_template,pending,113.5,new_business
maintenance_client_3468,clean,maintenance_client,maintenance_client,1.0,tier1_qr_deterministic,pending,57.3,policy_admin
cover_letter_7,cover_letter,maintenance_contrib,maintenance_contrib,1.0,tier1_qr_deterministic,pending,83.4,policy_admin
new_business_7942,afrikaans,new_business,new_business,1.0,tier1_qr_deterministic,pending,217.3,new_business
maintenance_client_5324,clean,maintenance_client,maintenance_client,1.0,tier1_qr_deterministic,pending,56.8,policy_admin
claim_death_8699,clean,claim_death,claim_death,1.0,tier1_qr_deterministic,pending,162.8,claims
incomplete_14,incomplete_no_signature,maintenance_client,maintenance_client,0.5,tier2_unreadable,review,0.9,policy_admin
repurchase_2751,clean,repurchase,repurchase,1.0,tier1_qr_deterministic,pending,266.6,policy_admin
new_business_7599,clean,new_business,new_business,1.0,tier1_qr_deterministic,pending,211.4,new_business
repurchase_2214,clean,repurchase,repurchase,1.0,tier1_qr_deterministic,pending,267.2,policy_admin
legacy_noqr_15,legacy_no_qr,repurchase,repurchase,0.95,tier2_template,pending,172.7,policy_admin
maintenance_client_4000,clean,maintenance_client,maintenance_client,1.0,tier1_qr_deterministic,pending,53.3,policy_admin
repurchase_767,afrikaans,repurchase,repurchase,1.0,tier1_qr_deterministic,pending,260.3,policy_admin
new_business_7231,clean,new_business,new_business,1.0,tier1_qr_deterministic,pending,207.1,new_business
repurchase_1056,clean,repurchase,repurchase,1.0,tier1_qr_deterministic,pending,239.2,policy_admin
maintenance_client_3819,clean,maintenance_client,maintenance_client,1.0,tier1_qr_deterministic,pending,55.3,policy_admin
repurchase_1472,clean,repurchase,repurchase,1.0,tier1_qr_deterministic,pending,259.0,policy_admin
maintenance_client_5174,cover_letter,maintenance_client,maintenance_client,1.0,tier1_qr_deterministic,pending,82.6,policy_admin
claim_death_8732,clean,claim_death,claim_death,1.0,tier1_qr_deterministic,pending,156.0,claims
repurchase_582,clean,repurchase,repurchase,1.0,tier1_qr_deterministic,pending,258.8,policy_admin
repurchase_2676,cover_letter,repurchase,repurchase,1.0,tier1_qr_deterministic,pending,287.4,policy_admin
claim_retirement_9927,clean,claim_retirement,claim_retirement,1.0,tier1_qr_deterministic,pending,154.5,claims
repurchase_80,clean,repurchase,repurchase,1.0,tier1_qr_deterministic,pending,259.3,policy_admin
new_business_7392,clean,new_business,new_business,1.0,tier1_qr_deterministic,pending,208.8,new_business
repurchase_764,clean,repurchase,repurchase,1.0,tier1_qr_deterministic,pending,260.1,policy_admin
maintenance_client_3148,clean,maintenance_client,maintenance_client,1.0,tier1_qr_deterministic,pending,53.5,policy_admin
maintenance_client_3338,afrikaans,maintenance_client,maintenance_client,1.0,tier1_qr_deterministic,pending,54.9,policy_admin
claim_death_9239,clean,claim_death,claim_death,1.0,tier1_qr_deterministic,pending,160.7,claims
maintenance_client_5203,clean,maintenance_client,maintenance_client,1.0,tier1_qr_deterministic,pending,53.4,policy_admin
maintenance_client_4071,clean,maintenance_client,maintenance_client,1.0,tier1_qr_deterministic,pending,55.4,policy_admin
claim_death_9187,clean,claim_death,claim_death,1.0,tier1_qr_deterministic,pending,156.2,claims
